task,seed,city,N,model,R2,RMSE,MAE
CityLens Population,41,Beijing,29,No-Privilege,-1.018575019197253,1.3419753111496662,1.0563367870288458
CityLens Population,41,Beijing,29,Paired KD,-0.3504612017737203,1.0976481117622847,0.7828255237620627
CityLens Population,41,Beijing,29,Satellite-teacher KD,-0.25401613440850546,1.0577271229437704,0.8048558272169682
CityLens Population,41,Beijing,29,Global-shuffled KD,-0.599683544650069,1.1946456815827848,0.9206237877467924
CityLens Population,41,CapeTown,245,No-Privilege,0.5236055497245833,1.3439213667325511,1.0114247676126389
CityLens Population,41,CapeTown,245,Paired KD,0.4570375623927543,1.4347472630173947,1.029013511373968
CityLens Population,41,CapeTown,245,Satellite-teacher KD,0.4438962420522109,1.452006053342167,1.0463053435209013
CityLens Population,41,CapeTown,245,Global-shuffled KD,0.467088234169004,1.4214060722198472,1.0353980024591503
CityLens Population,41,London,197,No-Privilege,0.05505103727350469,1.1410465024749308,0.7809776227289995
CityLens Population,41,London,197,Paired KD,0.15992749732662015,1.0758644383979732,0.7295919280250658
CityLens Population,41,London,197,Satellite-teacher KD,0.24025860945654853,1.0231329267092777,0.7364634431290834
CityLens Population,41,London,197,Global-shuffled KD,0.10410428592206966,1.1110354014103703,0.7731033655402526
CityLens Population,41,Moscow,205,No-Privilege,-0.45911078672750016,0.7939267001386309,0.6153280676970233
CityLens Population,41,Moscow,205,Paired KD,-0.4178434912297255,0.7826190601184679,0.6049040123254553
CityLens Population,41,Moscow,205,Satellite-teacher KD,-0.4400996086099067,0.7887375913655142,0.6058380657871623
CityLens Population,41,Moscow,205,Global-shuffled KD,-0.2849295237174212,0.745033717339901,0.5812429712098311
CityLens Population,41,Mumbai,105,No-Privilege,-2.6663704762973413,1.6847097942570148,1.192293627453172
CityLens Population,41,Mumbai,105,Paired KD,-2.3481842736991685,1.6099470893990357,1.1534555338390453
CityLens Population,41,Mumbai,105,Satellite-teacher KD,-2.6909302227417187,1.6903430200598384,1.2361770527311808
CityLens Population,41,Mumbai,105,Global-shuffled KD,-2.73921614108315,1.7013638939582305,1.2216453288789653
CityLens Population,41,Nairobi,119,No-Privilege,0.4466745539661148,1.1721614576445265,0.926928887794087
CityLens Population,41,Nairobi,119,Paired KD,0.45778724663149917,1.1603312261029,0.9156643253317807
CityLens Population,41,Nairobi,119,Satellite-teacher KD,0.42623769659567023,1.1936118488963925,0.9482280135708865
CityLens Population,41,Nairobi,119,Global-shuffled KD,0.40403334471791263,1.2164887482800164,0.9689511007942526
CityLens Population,41,NewYork,202,No-Privilege,0.3408508973556855,1.4519298191272874,0.965002779200875
CityLens Population,41,NewYork,202,Paired KD,0.3495762593233479,1.4422879812116036,0.9633171310240428
CityLens Population,41,NewYork,202,Satellite-teacher KD,0.31676930745501464,1.478214561223868,1.0149877299508454
CityLens Population,41,NewYork,202,Global-shuffled KD,0.3450002801117994,1.4473526120776798,0.9707343098215911
CityLens Population,41,Paris,130,No-Privilege,0.10896872916430977,0.6722393802740765,0.50998822268112
CityLens Population,41,Paris,130,Paired KD,0.20172935281558546,0.6362862779020243,0.4863069493302151
CityLens Population,41,Paris,130,Satellite-teacher KD,0.22679705500862812,0.626216096884964,0.490541425586147
CityLens Population,41,Paris,130,Global-shuffled KD,0.18736573026294945,0.6419852407552004,0.49329466028402746
CityLens Population,41,SanFrancisco,157,No-Privilege,0.14855299339836892,2.1612599263498184,1.4248818011516908
CityLens Population,41,SanFrancisco,157,Paired KD,0.2956921449709192,1.9656647765686182,1.2729252218850635
CityLens Population,41,SanFrancisco,157,Satellite-teacher KD,0.25504607022462156,2.0215891460546307,1.2776088718669887
CityLens Population,41,SanFrancisco,157,Global-shuffled KD,0.28330292001911683,1.98287805777675,1.25468788470634
CityLens Population,41,SaoPaulo,280,No-Privilege,0.4411554759607247,1.2535892437623368,0.8732776560220535
CityLens Population,41,SaoPaulo,280,Paired KD,0.40560724897509093,1.2928451464231878,0.8699778869187236
CityLens Population,41,SaoPaulo,280,Satellite-teacher KD,0.4089450567905314,1.289210055159703,0.8833664252884582
CityLens Population,41,SaoPaulo,280,Global-shuffled KD,0.42135226821728533,1.275606973381997,0.8572199122201092
CityLens Population,41,Shanghai,19,No-Privilege,-0.041794586810798506,1.2918887312209126,1.0208801252176603
CityLens Population,41,Shanghai,19,Paired KD,-0.09204114039780054,1.3226762690984992,1.0275348619804767
CityLens Population,41,Shanghai,19,Satellite-teacher KD,-0.2604545731386423,1.4210117235083404,1.0936192025843523
CityLens Population,41,Shanghai,19,Global-shuffled KD,-0.16803120862714827,1.3679218454212205,1.0658629323700737
CityLens Population,41,Sydney,205,No-Privilege,0.1258016728356548,1.743341922542936,1.2295601719243006
CityLens Population,41,Sydney,205,Paired KD,0.24014058017522744,1.6253399647550044,1.1037603110067604
CityLens Population,41,Sydney,205,Satellite-teacher KD,0.19463023930730405,1.673305535854744,1.1313358529425248
CityLens Population,41,Sydney,205,Global-shuffled KD,0.1855634158840821,1.682698180706897,1.149804207976292
CityLens Population,41,Tokyo,280,No-Privilege,0.16151067409204733,0.7465504749413744,0.5526610264307843
CityLens Population,41,Tokyo,280,Paired KD,0.27756424543515645,0.6929629621307867,0.5355126668138401
CityLens Population,41,Tokyo,280,Satellite-teacher KD,0.23811868730688956,0.7116297040356095,0.5492121124769612
CityLens Population,41,Tokyo,280,Global-shuffled KD,0.28224264988817704,0.690715546574722,0.5338528169422004
CityLens Population,42,Beijing,29,No-Privilege,-0.9442122966573896,1.3170247050870425,1.0416867711094937
CityLens Population,42,Beijing,29,Paired KD,-0.5775657953216145,1.1863581538564105,0.8935766733756317
CityLens Population,42,Beijing,29,Satellite-teacher KD,-0.6075849835394782,1.1975924495126582,0.936628508075993
CityLens Population,42,Beijing,29,Global-shuffled KD,-0.6791928027331915,1.223974474614053,0.9369322558091654
CityLens Population,42,CapeTown,245,No-Privilege,0.4945865827409044,1.3842479705749047,0.9972450351149411
CityLens Population,42,CapeTown,245,Paired KD,0.5004045751118471,1.3762576254237957,0.9781133141745425
CityLens Population,42,CapeTown,245,Satellite-teacher KD,0.4526387758479091,1.4405473107428177,1.0324148858426192
CityLens Population,42,CapeTown,245,Global-shuffled KD,0.4900229418641714,1.3904834741071563,0.9938118290922227
CityLens Population,42,London,197,No-Privilege,0.2159065200942053,1.0394009012537675,0.7331691213238317
CityLens Population,42,London,197,Paired KD,0.26585620771098506,1.0057492867132882,0.7079541835615494
CityLens Population,42,London,197,Satellite-teacher KD,0.3068016813511668,0.9773000435725602,0.714280005256569
CityLens Population,42,London,197,Global-shuffled KD,0.20903095874193567,1.0439481055588145,0.7215132608029083
CityLens Population,42,Moscow,205,No-Privilege,-0.34221322764598017,0.7614598885843927,0.6039069716305498
CityLens Population,42,Moscow,205,Paired KD,-0.32946318600138946,0.7578346033070287,0.6039751587992129
CityLens Population,42,Moscow,205,Satellite-teacher KD,-0.37443672800545347,0.7705461408017686,0.6099494685433886
CityLens Population,42,Moscow,205,Global-shuffled KD,-0.24985827184898923,0.7347957878650364,0.5726193558404784
CityLens Population,42,Mumbai,105,No-Privilege,-1.7217850040726606,1.451556134954174,1.070419124546633
CityLens Population,42,Mumbai,105,Paired KD,-2.2049346701049677,1.5751304156184935,1.1336502011412037
CityLens Population,42,Mumbai,105,Satellite-teacher KD,-2.4163662332573885,1.6262568449354882,1.1764604524236184
CityLens Population,42,Mumbai,105,Global-shuffled KD,-2.423836030348439,1.6280337585993214,1.187939179442926
CityLens Population,42,Nairobi,119,No-Privilege,0.3875298626648147,1.2332172043068323,0.9896665639720716
CityLens Population,42,Nairobi,119,Paired KD,0.40754979292628524,1.2128945468239074,0.9652872186137744
CityLens Population,42,Nairobi,119,Satellite-teacher KD,0.44302621309765755,1.176019420946973,0.9410448069551887
CityLens Population,42,Nairobi,119,Global-shuffled KD,0.41453220643908184,1.2057259845697643,0.962351619051244
CityLens Population,42,NewYork,202,No-Privilege,0.2802537912730636,1.5172022743660254,1.0304406993957105
CityLens Population,42,NewYork,202,Paired KD,0.331078355199389,1.462653371591933,0.977196624090684
CityLens Population,42,NewYork,202,Satellite-teacher KD,0.3285322234954603,1.4654343931728475,0.9939432293387664
CityLens Population,42,NewYork,202,Global-shuffled KD,0.304177920274161,1.4917735236040517,0.998812572378971
CityLens Population,42,Paris,130,No-Privilege,0.13036975226048197,0.6641173033182798,0.5089889137093256
CityLens Population,42,Paris,130,Paired KD,0.19502040358308825,0.6389544711340309,0.5001132203305527
CityLens Population,42,Paris,130,Satellite-teacher KD,0.24257968783548967,0.6197919782791492,0.47785942792051733
CityLens Population,42,Paris,130,Global-shuffled KD,0.1378839440041022,0.6612418677548512,0.5088117481278043
CityLens Population,42,SanFrancisco,157,No-Privilege,0.23587652354986555,2.0474342353025485,1.3300982231400136
CityLens Population,42,SanFrancisco,157,Paired KD,0.3026385503010226,1.9559473366358837,1.2729150347628537
CityLens Population,42,SanFrancisco,157,Satellite-teacher KD,0.3043147500754798,1.9535952343160483,1.282482800521308
CityLens Population,42,SanFrancisco,157,Global-shuffled KD,0.3005512440594881,1.9588723697350108,1.2511448721458147
CityLens Population,42,SaoPaulo,280,No-Privilege,0.4401167098880725,1.2547537728608757,0.835655376392993
CityLens Population,42,SaoPaulo,280,Paired KD,0.4032499074801881,1.2954062995797015,0.8754082064987141
CityLens Population,42,SaoPaulo,280,Satellite-teacher KD,0.4551364055444618,1.2378090474941492,0.8334593531062777
CityLens Population,42,SaoPaulo,280,Global-shuffled KD,0.4448584113397015,1.2494291645139304,0.8368734178425381
CityLens Population,42,Shanghai,19,No-Privilege,0.15678282868486626,1.1622613146610599,0.8445925018417126
CityLens Population,42,Shanghai,19,Paired KD,0.06175114775315482,1.2260073750284435,0.9645661111637084
CityLens Population,42,Shanghai,19,Satellite-teacher KD,0.07227821322073058,1.2191101290812036,0.9065666515155946
CityLens Population,42,Shanghai,19,Global-shuffled KD,-0.03152529283193495,1.2855056873934,0.9754836942414116
CityLens Population,42,Sydney,205,No-Privilege,0.0664348641396103,1.801564853188035,1.2592902544754994
CityLens Population,42,Sydney,205,Paired KD,0.2498040205015153,1.6149718417110093,1.112110242281613
CityLens Population,42,Sydney,205,Satellite-teacher KD,0.14986361980909124,1.7191821332298383,1.206836824991808
CityLens Population,42,Sydney,205,Global-shuffled KD,0.20650489961000673,1.6609238180790407,1.1293115358580117
CityLens Population,42,Tokyo,280,No-Privilege,0.25379396014880096,0.7042709695309635,0.5575798316347625
CityLens Population,42,Tokyo,280,Paired KD,0.26158000951805915,0.7005870891490739,0.5524508094130459
CityLens Population,42,Tokyo,280,Satellite-teacher KD,0.2950021756090737,0.6845486137151322,0.5414291125967035
CityLens Population,42,Tokyo,280,Global-shuffled KD,0.22521529557235087,0.7176305623888763,0.5747276975924087
CityLens Population,43,Beijing,29,No-Privilege,-0.8680190889245363,1.2909598448102007,1.0024987185075278
CityLens Population,43,Beijing,29,Paired KD,-0.4694514580546969,1.1449847461616105,0.8742856450288438
CityLens Population,43,Beijing,29,Satellite-teacher KD,-0.17153620737684716,1.0223507891204333,0.810273369909375
CityLens Population,43,Beijing,29,Global-shuffled KD,-0.436996098005342,1.1322696679313233,0.890425649471673
CityLens Population,43,CapeTown,245,No-Privilege,0.518157072303295,1.3515846675014527,0.9983376576985622
CityLens Population,43,CapeTown,245,Paired KD,0.4989881499792965,1.378207189074938,0.9815086152421421
CityLens Population,43,CapeTown,245,Satellite-teacher KD,0.4822313389704844,1.40106534860205,0.9924430239301224
CityLens Population,43,CapeTown,245,Global-shuffled KD,0.46264914999029383,1.4273138567981558,1.0019978523522222
CityLens Population,43,London,197,No-Privilege,0.09539582480617326,1.1164221946629502,0.7724333798258151
CityLens Population,43,London,197,Paired KD,0.1985753393404538,1.050825295998403,0.7448805515661626
CityLens Population,43,London,197,Satellite-teacher KD,0.2799805348945773,0.9960274017595184,0.7133170339433619
CityLens Population,43,London,197,Global-shuffled KD,0.2574613675659032,1.0114832486035068,0.7222666687338969
CityLens Population,43,Moscow,205,No-Privilege,-0.4127016701127939,0.7811986839586444,0.6195892684884674
CityLens Population,43,Moscow,205,Paired KD,-0.2879058750947443,0.7458960990723812,0.5858968812673627
CityLens Population,43,Moscow,205,Satellite-teacher KD,-0.36913225556491835,0.7690577885326056,0.6094186360125201
CityLens Population,43,Moscow,205,Global-shuffled KD,-0.21989299348515168,0.7259340076259693,0.5810772561717223
CityLens Population,43,Mumbai,105,No-Privilege,-2.918338706394221,1.7416380901836925,1.2256085539148631
CityLens Population,43,Mumbai,105,Paired KD,-2.6438421999404,1.6795259087154202,1.192477587561678
CityLens Population,43,Mumbai,105,Satellite-teacher KD,-2.795404716273002,1.714099284462288,1.2674239120947106
CityLens Population,43,Mumbai,105,Global-shuffled KD,-2.512959684062763,1.6490867794745971,1.168317306827214
CityLens Population,43,Nairobi,119,No-Privilege,0.39726582337777594,1.2233761922483555,0.977738421236854
CityLens Population,43,Nairobi,119,Paired KD,0.4604557293642132,1.1574724378874726,0.9332376860577438
CityLens Population,43,Nairobi,119,Satellite-teacher KD,0.4483756805889544,1.1703582421899323,0.9459881204228549
CityLens Population,43,Nairobi,119,Global-shuffled KD,0.45221921583577884,1.1662737809879702,0.9478849614292132
CityLens Population,43,NewYork,202,No-Privilege,0.29179385965657234,1.5049900755894166,1.03228617764895
CityLens Population,43,NewYork,202,Paired KD,0.3560102933660514,1.435136648530355,0.9789943742464411
CityLens Population,43,NewYork,202,Satellite-teacher KD,0.3483572214768711,1.443638931738362,0.9696533975053576
CityLens Population,43,NewYork,202,Global-shuffled KD,0.328116020282744,1.4658884909270278,0.9630339664162265
CityLens Population,43,Paris,130,No-Privilege,0.19027898782316066,0.6408334633540191,0.4889960837429013
CityLens Population,43,Paris,130,Paired KD,0.28149778614235954,0.603658795082461,0.472183745091537
CityLens Population,43,Paris,130,Satellite-teacher KD,0.26222948173046934,0.6116994999898253,0.4777324731225628
CityLens Population,43,Paris,130,Global-shuffled KD,0.2841802757889007,0.6025308774052558,0.4699581557606752
CityLens Population,43,SanFrancisco,157,No-Privilege,0.22126837470734595,2.0669125183852253,1.3365305596420969
CityLens Population,43,SanFrancisco,157,Paired KD,0.2980544309920862,1.9623655356619505,1.2828730905903312
CityLens Population,43,SanFrancisco,157,Satellite-teacher KD,0.3632612460900261,1.8689979758671948,1.1888303610202833
CityLens Population,43,SanFrancisco,157,Global-shuffled KD,0.35505912705733855,1.880997160669873,1.194212042170802
CityLens Population,43,SaoPaulo,280,No-Privilege,0.43865631121583903,1.256389155982887,0.8513980723316662
CityLens Population,43,SaoPaulo,280,Paired KD,0.4750812320458869,1.2149427327233548,0.833817626459521
CityLens Population,43,SaoPaulo,280,Satellite-teacher KD,0.5070563606292359,1.1773575977904491,0.8052272617677136
CityLens Population,43,SaoPaulo,280,Global-shuffled KD,0.4711827596916879,1.219445961912762,0.8181547710806926
CityLens Population,43,Shanghai,19,No-Privilege,-0.09983144048971426,1.3273856767524443,1.0397044548442593
CityLens Population,43,Shanghai,19,Paired KD,-0.051319465296687294,1.2977810086300303,1.0447843457917045
CityLens Population,43,Shanghai,19,Satellite-teacher KD,-0.015026021424400904,1.2751833977828075,1.036874024763243
CityLens Population,43,Shanghai,19,Global-shuffled KD,0.03236499322022246,1.2450587582508912,1.0229756019197116
CityLens Population,43,Sydney,205,No-Privilege,0.022232555387629027,1.8437217323555755,1.281413372463101
CityLens Population,43,Sydney,205,Paired KD,0.16592258944417115,1.7028671514337725,1.1706820492735859
CityLens Population,43,Sydney,205,Satellite-teacher KD,0.1688274647841127,1.699899242703123,1.1846269533656277
CityLens Population,43,Sydney,205,Global-shuffled KD,0.14593196341834924,1.7231529293747332,1.1865077427965909
CityLens Population,43,Tokyo,280,No-Privilege,0.21319845295749296,0.7231743426620115,0.5591078230825045
CityLens Population,43,Tokyo,280,Paired KD,0.3162996539124867,0.6741294603335649,0.5340416790746318
CityLens Population,43,Tokyo,280,Satellite-teacher KD,0.3405569366381742,0.6620626058605166,0.5128487094045469
CityLens Population,43,Tokyo,280,Global-shuffled KD,0.3631059893685066,0.6506448390839958,0.5073992344571587
CityLens Population,44,Beijing,29,No-Privilege,-0.6855876038576825,1.226302865853252,0.927627908791868
CityLens Population,44,Beijing,29,Paired KD,-0.5374266862416455,1.1711682395820595,0.896485144889507
CityLens Population,44,Beijing,29,Satellite-teacher KD,-0.36117774621746856,1.101994682648552,0.85315368713025
CityLens Population,44,Beijing,29,Global-shuffled KD,-0.9297072415248533,1.3121025881424333,1.0133762276132865
CityLens Population,44,CapeTown,245,No-Privilege,0.5154649069908501,1.3553552125838675,0.971837838623246
CityLens Population,44,CapeTown,245,Paired KD,0.48950445817060606,1.3911901332077246,0.9884409917762439
CityLens Population,44,CapeTown,245,Satellite-teacher KD,0.48967180577506275,1.3909620886902174,0.979355019049066
CityLens Population,44,CapeTown,245,Global-shuffled KD,0.46978118660248436,1.4178101421301776,0.9964605167625478
CityLens Population,44,London,197,No-Privilege,0.2091667290385979,1.0438585045634303,0.7405454947320492
CityLens Population,44,London,197,Paired KD,0.22092037936620768,1.0360723646894847,0.7357937005395779
CityLens Population,44,London,197,Satellite-teacher KD,0.26898979242935395,1.0036005449675818,0.722250977799035
CityLens Population,44,London,197,Global-shuffled KD,0.2488580413306004,1.0173260818742693,0.7210145844063783
CityLens Population,44,Moscow,205,No-Privilege,-0.16142016238110046,0.7083223643126528,0.5682340496837952
CityLens Population,44,Moscow,205,Paired KD,-0.055321464400535314,0.6751941322392998,0.5423241335846395
CityLens Population,44,Moscow,205,Satellite-teacher KD,-0.2524494599986724,0.7355570775124856,0.5636953877698011
CityLens Population,44,Moscow,205,Global-shuffled KD,-0.07984683754788069,0.6829947321863962,0.5434183112121888
CityLens Population,44,Mumbai,105,No-Privilege,-2.8601308178178284,1.7286534554198114,1.2468215791361965
CityLens Population,44,Mumbai,105,Paired KD,-2.283645373893787,1.5943550850396084,1.1096730866996602
CityLens Population,44,Mumbai,105,Satellite-teacher KD,-2.488187793360022,1.6432621654563264,1.1827609739912097
CityLens Population,44,Mumbai,105,Global-shuffled KD,-2.548291019334501,1.6573588175335534,1.1491336799994596
CityLens Population,44,Nairobi,119,No-Privilege,0.38725370954547267,1.2334951920631088,0.9738042553201111
CityLens Population,44,Nairobi,119,Paired KD,0.4494549328477433,1.1692127794571792,0.9544935828607741
CityLens Population,44,Nairobi,119,Satellite-teacher KD,0.4597613092958809,1.1582170604104651,0.9285672994049663
CityLens Population,44,Nairobi,119,Global-shuffled KD,0.40349389079427167,1.2170391911502754,0.9966502844752668
CityLens Population,44,NewYork,202,No-Privilege,0.3048667715453357,1.4910349263585734,0.9824066100295467
CityLens Population,44,NewYork,202,Paired KD,0.33833390422718057,1.4546993103462957,0.9529200587916548
CityLens Population,44,NewYork,202,Satellite-teacher KD,0.35305966070099415,1.4384206464201004,0.9444093762479898
CityLens Population,44,NewYork,202,Global-shuffled KD,0.3214888634002415,1.4731001788357962,0.9494210124031198
CityLens Population,44,Paris,130,No-Privilege,0.18149953969956834,0.644298234355105,0.5091277474151761
CityLens Population,44,Paris,130,Paired KD,0.21682572038722403,0.6302410475823453,0.4936693557579954
CityLens Population,44,Paris,130,Satellite-teacher KD,0.2428407418674573,0.6196851596896386,0.49067013989121677
CityLens Population,44,Paris,130,Global-shuffled KD,0.210582737963528,0.6327480080144533,0.4991229635902053
CityLens Population,44,SanFrancisco,157,No-Privilege,0.15236646686201905,2.156414553395419,1.3904821686188602
CityLens Population,44,SanFrancisco,157,Paired KD,0.22291104074697665,2.064731382243223,1.3384838942814503
CityLens Population,44,SanFrancisco,157,Satellite-teacher KD,0.25115034927742363,2.0268681824156025,1.2808347488627172
CityLens Population,44,SanFrancisco,157,Global-shuffled KD,0.22147630469185486,2.066636555674616,1.3113666755652384
CityLens Population,44,SaoPaulo,280,No-Privilege,0.44035596394523335,1.2544856482226,0.849143406266912
CityLens Population,44,SaoPaulo,280,Paired KD,0.44296450856362446,1.25155860558915,0.8545926302316896
CityLens Population,44,SaoPaulo,280,Satellite-teacher KD,0.4580190071482949,1.2345303900648583,0.8252485792000523
CityLens Population,44,SaoPaulo,280,Global-shuffled KD,0.4364084836030373,1.2589021660235973,0.8404947399263137
CityLens Population,44,Shanghai,19,No-Privilege,-0.09858642989728938,1.3266341628746035,1.0513259994750157
CityLens Population,44,Shanghai,19,Paired KD,-0.060631617289985895,1.3035159403019516,0.9948506697604835
CityLens Population,44,Shanghai,19,Satellite-teacher KD,-0.13203025535532076,1.3466758714692237,1.0481139239905892
CityLens Population,44,Shanghai,19,Global-shuffled KD,-0.06726410005719075,1.3075852482002044,1.0023970359644019
CityLens Population,44,Sydney,205,No-Privilege,0.007567461935842235,1.857496848766081,1.2887571776172169
CityLens Population,44,Sydney,205,Paired KD,0.16579355059361212,1.7029988703359966,1.163900659626374
CityLens Population,44,Sydney,205,Satellite-teacher KD,0.10225603413773332,1.7666634969231896,1.20046522941461
CityLens Population,44,Sydney,205,Global-shuffled KD,0.13983762845359837,1.7292899135030833,1.1767108520811054
CityLens Population,44,Tokyo,280,No-Privilege,0.23604307395328417,0.7125984005084285,0.5545993958454598
CityLens Population,44,Tokyo,280,Paired KD,0.2715190148031841,0.695856225576842,0.543663007479236
CityLens Population,44,Tokyo,280,Satellite-teacher KD,0.30413118564937514,0.680102065530673,0.5329998387939434
CityLens Population,44,Tokyo,280,Global-shuffled KD,0.3060989375051206,0.6791398011692655,0.5345843983894691
CityLens Population,45,Beijing,29,No-Privilege,-0.9993213474438296,1.3355599290849145,1.0503204788891303
CityLens Population,45,Beijing,29,Paired KD,-0.44971318587460507,1.1372687962239056,0.8924327739184237
CityLens Population,45,Beijing,29,Satellite-teacher KD,-0.4167812753264284,1.1242774062329108,0.8788944256896523
CityLens Population,45,Beijing,29,Global-shuffled KD,-0.5654308162754276,1.1817864829011822,0.9348292351298372
CityLens Population,45,CapeTown,245,No-Privilege,0.5433376428591141,1.3157946583383502,0.9777394305774623
CityLens Population,45,CapeTown,245,Paired KD,0.4837518939466887,1.3990065495111115,1.0341388378404053
CityLens Population,45,CapeTown,245,Satellite-teacher KD,0.4977088053771318,1.3799657081291166,0.9859884603685992
CityLens Population,45,CapeTown,245,Global-shuffled KD,0.49363956180625135,1.3855442344401765,0.9881871078224825
CityLens Population,45,London,197,No-Privilege,0.13467739116986088,1.09191339390508,0.7721556420506545
CityLens Population,45,London,197,Paired KD,0.19280065428067494,1.0546043743859859,0.733153929264594
CityLens Population,45,London,197,Satellite-teacher KD,0.20105623237256331,1.0491975660570694,0.743030091559969
CityLens Population,45,London,197,Global-shuffled KD,0.2267518797295518,1.0321875211380542,0.7222647589151681
CityLens Population,45,Moscow,205,No-Privilege,-0.3285797324449464,0.7575827637129288,0.6029129621573345
CityLens Population,45,Moscow,205,Paired KD,-0.26238175589532364,0.7384679109203504,0.5760713624165035
CityLens Population,45,Moscow,205,Satellite-teacher KD,-0.4920460192762586,0.8028370063416023,0.6059495134816933
CityLens Population,45,Moscow,205,Global-shuffled KD,-0.26592152248753664,0.7395025322427694,0.5695398458657954
CityLens Population,45,Mumbai,105,No-Privilege,-2.3943711615934675,1.6210133505273159,1.1608916046759454
CityLens Population,45,Mumbai,105,Paired KD,-2.0928013336961064,1.5473299761970263,1.139298812518825
CityLens Population,45,Mumbai,105,Satellite-teacher KD,-2.4911595947168412,1.6439620143947338,1.2325768830471993
CityLens Population,45,Mumbai,105,Global-shuffled KD,-2.7206737050729366,1.6971401960717045,1.2509935716501464
CityLens Population,45,Nairobi,119,No-Privilege,0.351791478899909,1.268686981922748,0.978056708571583
CityLens Population,45,Nairobi,119,Paired KD,0.4308441001346799,1.1888107858840333,0.945049469099438
CityLens Population,45,Nairobi,119,Satellite-teacher KD,0.4677584679937017,1.1496125492026659,0.9049248634299645
CityLens Population,45,Nairobi,119,Global-shuffled KD,0.3783151461451447,1.2424595513401873,0.9757978218871759
CityLens Population,45,NewYork,202,No-Privilege,0.2875557490752848,1.5094865068029406,1.0327958103810237
CityLens Population,45,NewYork,202,Paired KD,0.35077552521374133,1.440957706256608,0.9663074225923457
CityLens Population,45,NewYork,202,Satellite-teacher KD,0.3572175021072287,1.4337908799708103,0.9668499369856548
CityLens Population,45,NewYork,202,Global-shuffled KD,0.32186085796055997,1.4726963089855016,0.9974322043257011
CityLens Population,45,Paris,130,No-Privilege,0.22094119969337245,0.6285829489405246,0.5079338146282191
CityLens Population,45,Paris,130,Paired KD,0.27583724798366716,0.6060320166956141,0.4748072523073033
CityLens Population,45,Paris,130,Satellite-teacher KD,0.22526609436253264,0.6268357518587107,0.4918823454221981
CityLens Population,45,Paris,130,Global-shuffled KD,0.2716279578739954,0.6077907845611549,0.47027200550549175
CityLens Population,45,SanFrancisco,157,No-Privilege,0.1370003410447196,2.1758727913320715,1.4018470790044932
CityLens Population,45,SanFrancisco,157,Paired KD,0.25713830140936766,2.018748295343769,1.2785431082383458
CityLens Population,45,SanFrancisco,157,Satellite-teacher KD,0.262143268167906,2.011936230580878,1.3107513403850288
CityLens Population,45,SanFrancisco,157,Global-shuffled KD,0.2890176428600737,1.9749568048325,1.243512368136767
CityLens Population,45,SaoPaulo,280,No-Privilege,0.3959017253946653,1.303357498445115,0.9026132175473521
CityLens Population,45,SaoPaulo,280,Paired KD,0.41611751096987126,1.2813638945324481,0.8631437505893516
CityLens Population,45,SaoPaulo,280,Satellite-teacher KD,0.4459985726120287,1.2481454533220073,0.8573209402297868
CityLens Population,45,SaoPaulo,280,Global-shuffled KD,0.4358006048750045,1.259580896618179,0.8425950337333811
CityLens Population,45,Shanghai,19,No-Privilege,-0.051968561305852035,1.298181578826377,1.0011942293982472
CityLens Population,45,Shanghai,19,Paired KD,-0.011244904425238067,1.272806061533655,0.9587186545032921
CityLens Population,45,Shanghai,19,Satellite-teacher KD,-0.018831566071614514,1.2775716258914183,0.9454718403985033
CityLens Population,45,Shanghai,19,Global-shuffled KD,0.04374633977791509,1.2377148939521565,0.9233703646119988
CityLens Population,45,Sydney,205,No-Privilege,0.03595610519470327,1.830737142130862,1.242564392960725
CityLens Population,45,Sydney,205,Paired KD,0.21379985674961388,1.6532713797636942,1.1130591401890562
CityLens Population,45,Sydney,205,Satellite-teacher KD,0.1766956327192608,1.691834192320822,1.1610770407732556
CityLens Population,45,Sydney,205,Global-shuffled KD,0.197956197806053,1.6698468124361465,1.1240273452876004
CityLens Population,45,Tokyo,280,No-Privilege,0.26356728464047874,0.6996437254099573,0.5379601130264458
CityLens Population,45,Tokyo,280,Paired KD,0.28270065856723026,0.6904951349005515,0.5411244733175039
CityLens Population,45,Tokyo,280,Satellite-teacher KD,0.25059636810296215,0.7057783038235498,0.5430148139861345
CityLens Population,45,Tokyo,280,Global-shuffled KD,0.29461504194478594,0.6847365401403728,0.5377855251401312
CityLens Healthcare overlap,41,Beijing,29,No-Privilege,-0.21611133729403798,1.26358252207488,1.0469828085664161
CityLens Healthcare overlap,41,Beijing,29,Paired KD,-0.0064269152416012165,1.1494975841084722,0.9601582127880939
CityLens Healthcare overlap,41,Beijing,29,Satellite-teacher KD,-0.01881315230600955,1.1565494672462056,0.9112189763775468
CityLens Healthcare overlap,41,Beijing,29,Global-shuffled KD,-0.021298977747380876,1.157959553353349,0.9474139606141982
CityLens Healthcare overlap,41,CapeTown,252,No-Privilege,-0.0036237375705787667,1.0254192715151387,0.7012677318005143
CityLens Healthcare overlap,41,CapeTown,252,Paired KD,0.052058227377443256,0.9965677841247343,0.6946844479949877
CityLens Healthcare overlap,41,CapeTown,252,Satellite-teacher KD,0.07393109287557809,0.9850032521178397,0.692682790172794
CityLens Healthcare overlap,41,CapeTown,252,Global-shuffled KD,0.06073065425916235,0.9919986641145268,0.6930803076907585
CityLens Healthcare overlap,41,London,198,No-Privilege,0.013899407548198073,1.0326224657402439,0.8008451759402325
CityLens Healthcare overlap,41,London,198,Paired KD,0.09094650659432135,0.9914611004464889,0.7506116970514968
CityLens Healthcare overlap,41,London,198,Satellite-teacher KD,0.026901433258551766,1.0257921610060021,0.7825868881354167
CityLens Healthcare overlap,41,London,198,Global-shuffled KD,0.138156354552744,0.9653731184256941,0.7317880224179897
CityLens Healthcare overlap,41,Moscow,206,No-Privilege,0.06832089913921635,1.101158848630569,0.9141301762092287
CityLens Healthcare overlap,41,Moscow,206,Paired KD,0.09850006695124003,1.0831775384819844,0.9228261468173424
CityLens Healthcare overlap,41,Moscow,206,Satellite-teacher KD,0.05833621764575381,1.1070436108421617,0.926745014877494
CityLens Healthcare overlap,41,Moscow,206,Global-shuffled KD,0.10819949178204724,1.0773347139978953,0.9236900792684656
CityLens Healthcare overlap,41,Mumbai,108,No-Privilege,-0.1029325987243428,1.3398991146637946,1.1137227435657726
CityLens Healthcare overlap,41,Mumbai,108,Paired KD,-0.06020190055608654,1.3136870017763282,1.1229859217012597
CityLens Healthcare overlap,41,Mumbai,108,Satellite-teacher KD,-0.1355444181148029,1.3595640647134932,1.1680768509260098
CityLens Healthcare overlap,41,Mumbai,108,Global-shuffled KD,-0.09642219425122112,1.3359386748720148,1.1477132833229398
CityLens Healthcare overlap,41,Nairobi,119,No-Privilege,0.09797784749106264,1.182875839257458,0.9199632333130011
CityLens Healthcare overlap,41,Nairobi,119,Paired KD,0.1105504370949516,1.1746033159934683,0.964553267476282
CityLens Healthcare overlap,41,Nairobi,119,Satellite-teacher KD,0.14730843386231685,1.150076007044882,0.9218558709217781
CityLens Healthcare overlap,41,Nairobi,119,Global-shuffled KD,0.13414328439909495,1.1589203112632978,0.9303081064868622
CityLens Healthcare overlap,41,NewYork,213,No-Privilege,0.1568348969819281,1.0812802130222852,0.8846462025890212
CityLens Healthcare overlap,41,NewYork,213,Paired KD,0.17144166781836823,1.0718733874519009,0.9349507509230325
CityLens Healthcare overlap,41,NewYork,213,Satellite-teacher KD,0.19210102037040222,1.0584259366193816,0.9082578581288165
CityLens Healthcare overlap,41,NewYork,213,Global-shuffled KD,0.14830554486576186,1.0867354987986642,0.9380555224548405
CityLens Healthcare overlap,41,Paris,124,No-Privilege,0.13228142557964206,1.0123910149347894,0.8747320343523756
CityLens Healthcare overlap,41,Paris,124,Paired KD,0.1069893477530196,1.0270395185488714,0.9156349889594695
CityLens Healthcare overlap,41,Paris,124,Satellite-teacher KD,0.15431680225294386,0.9994537137309834,0.8627484057718678
CityLens Healthcare overlap,41,Paris,124,Global-shuffled KD,0.0879973723705898,1.037903269111334,0.9185282518647984
CityLens Healthcare overlap,41,SanFrancisco,167,No-Privilege,0.16608588371307464,1.1572288527691248,0.9383679534426329
CityLens Healthcare overlap,41,SanFrancisco,167,Paired KD,0.16876471685123962,1.1553686392629392,0.9483159937354749
CityLens Healthcare overlap,41,SanFrancisco,167,Satellite-teacher KD,0.22569011575841458,1.1151055877127645,0.9071446015914467
CityLens Healthcare overlap,41,SanFrancisco,167,Global-shuffled KD,0.18758952979680354,1.1422110212964973,0.9205702960913966
CityLens Healthcare overlap,41,SaoPaulo,280,No-Privilege,0.10771274618816895,1.1018749036711484,0.8635706677153291
CityLens Healthcare overlap,41,SaoPaulo,280,Paired KD,0.1906246999170793,1.0494334923666628,0.8316187119850861
CityLens Healthcare overlap,41,SaoPaulo,280,Satellite-teacher KD,0.17123230757251118,1.0619311332833812,0.8315549949898109
CityLens Healthcare overlap,41,SaoPaulo,280,Global-shuffled KD,0.17206310728308483,1.0613987324061844,0.8260075881861344
CityLens Healthcare overlap,41,Shanghai,19,No-Privilege,-0.16986638441931023,1.3637202172518141,1.2073450431241217
CityLens Healthcare overlap,41,Shanghai,19,Paired KD,0.03830239238736033,1.2364495928184307,1.119204107698642
CityLens Healthcare overlap,41,Shanghai,19,Satellite-teacher KD,0.025458532140645196,1.2446788497159795,1.12038643819202
CityLens Healthcare overlap,41,Shanghai,19,Global-shuffled KD,0.036422912602044444,1.237657221751749,1.0833765642436912
CityLens Healthcare overlap,41,Sydney,208,No-Privilege,0.14869270215842878,1.0545054599879329,0.8066555929527813
CityLens Healthcare overlap,41,Sydney,208,Paired KD,0.14161834408609408,1.0588778618582908,0.7712723317084417
CityLens Healthcare overlap,41,Sydney,208,Satellite-teacher KD,0.15510204266092675,1.0505283685671978,0.7804143725570374
CityLens Healthcare overlap,41,Sydney,208,Global-shuffled KD,0.13343211246097364,1.0639150446381205,0.7934942700100331
CityLens Healthcare overlap,41,Tokyo,281,No-Privilege,0.0048217987916296945,1.1461793634048045,0.9526975277073543
CityLens Healthcare overlap,41,Tokyo,281,Paired KD,0.09230090185038065,1.0946445259155144,0.9600727777696259
CityLens Healthcare overlap,41,Tokyo,281,Satellite-teacher KD,0.06973176148884064,1.1081696565587285,0.9559069210168164
CityLens Healthcare overlap,41,Tokyo,281,Global-shuffled KD,0.11797162322826649,1.0790546395502056,0.9376500681733283
CityLens Healthcare overlap,42,Beijing,29,No-Privilege,-0.1269315582704844,1.2163700324181732,1.0088098421005318
CityLens Healthcare overlap,42,Beijing,29,Paired KD,-0.002155120210037609,1.1470554595643776,0.9562225781229732
CityLens Healthcare overlap,42,Beijing,29,Satellite-teacher KD,-0.1255501206370493,1.215624266360227,0.9932903279529708
CityLens Healthcare overlap,42,Beijing,29,Global-shuffled KD,-0.0929919673595021,1.1979134098845774,0.9710810886857316
CityLens Healthcare overlap,42,CapeTown,252,No-Privilege,-0.09249416041162073,1.069856611890226,0.7838781701798593
CityLens Healthcare overlap,42,CapeTown,252,Paired KD,0.04295030198008676,1.0013439038279692,0.6991104132182275
CityLens Healthcare overlap,42,CapeTown,252,Satellite-teacher KD,0.08649899680872797,0.9782965618070051,0.6856236125192143
CityLens Healthcare overlap,42,CapeTown,252,Global-shuffled KD,0.04068417572771643,1.0025287064825983,0.702929452037776
CityLens Healthcare overlap,42,London,198,No-Privilege,0.06661841640981492,1.0046402488322184,0.7812850548746993
CityLens Healthcare overlap,42,London,198,Paired KD,0.1062493184780623,0.9830806601746261,0.7501061929861776
CityLens Healthcare overlap,42,London,198,Satellite-teacher KD,0.06851804833588182,1.0036173988325308,0.7579110008512583
CityLens Healthcare overlap,42,London,198,Global-shuffled KD,0.06328063029380038,1.0064349498643899,0.754215916036666
CityLens Healthcare overlap,42,Moscow,206,No-Privilege,0.038312656329898775,1.1187517984303947,0.9261255794005926
CityLens Healthcare overlap,42,Moscow,206,Paired KD,0.09599900494787927,1.084679045971894,0.919343886696703
CityLens Healthcare overlap,42,Moscow,206,Satellite-teacher KD,0.05684403861726928,1.1079203852267272,0.924089453702864
CityLens Healthcare overlap,42,Moscow,206,Global-shuffled KD,0.09927065381402167,1.0827144986108928,0.916887005508255
CityLens Healthcare overlap,42,Mumbai,108,No-Privilege,-0.16796108441701563,1.3788334158633935,1.1419458289638909
CityLens Healthcare overlap,42,Mumbai,108,Paired KD,-0.03608622097701808,1.298660294765425,1.0882676372479676
CityLens Healthcare overlap,42,Mumbai,108,Satellite-teacher KD,-0.06192774949054658,1.314755809229878,1.1220718424915637
CityLens Healthcare overlap,42,Mumbai,108,Global-shuffled KD,-0.0504120455388517,1.3076076728448334,1.1307614242875386
CityLens Healthcare overlap,42,Nairobi,119,No-Privilege,0.15997978924168477,1.1414987155965652,0.906372721577517
CityLens Healthcare overlap,42,Nairobi,119,Paired KD,0.1677353040298516,1.1362170339009081,0.923753523278409
CityLens Healthcare overlap,42,Nairobi,119,Satellite-teacher KD,0.12552343388739828,1.1646747161340292,0.9242642036307714
CityLens Healthcare overlap,42,Nairobi,119,Global-shuffled KD,0.1643556547174233,1.1385216640628577,0.9067766345022993
CityLens Healthcare overlap,42,NewYork,213,No-Privilege,0.11591236101287727,1.10720898918637,0.9194521314957912
CityLens Healthcare overlap,42,NewYork,213,Paired KD,0.19473136116409995,1.056701531264088,0.9159998833910473
CityLens Healthcare overlap,42,NewYork,213,Satellite-teacher KD,0.18364741160148512,1.0639490494331325,0.9131179208864815
CityLens Healthcare overlap,42,NewYork,213,Global-shuffled KD,0.17832315350383388,1.0674129528071903,0.9113064597462724
CityLens Healthcare overlap,42,Paris,124,No-Privilege,0.03557496636710389,1.067316129170537,0.9479218833306036
CityLens Healthcare overlap,42,Paris,124,Paired KD,0.10901825162967171,1.0258721476051214,0.9167105102522577
CityLens Healthcare overlap,42,Paris,124,Satellite-teacher KD,0.10388077955106256,1.0288255268281685,0.8707166087034106
CityLens Healthcare overlap,42,Paris,124,Global-shuffled KD,0.12973590915040756,1.013874889319294,0.8950624207906784
CityLens Healthcare overlap,42,SanFrancisco,167,No-Privilege,0.1493626352644939,1.1687747434440188,0.97748613480513
CityLens Healthcare overlap,42,SanFrancisco,167,Paired KD,0.18013944210772126,1.1474363061646047,0.935724139385643
CityLens Healthcare overlap,42,SanFrancisco,167,Satellite-teacher KD,0.22044001922859136,1.1188796075513852,0.9207817691658304
CityLens Healthcare overlap,42,SanFrancisco,167,Global-shuffled KD,0.21993912215169487,1.1192390112797441,0.8961212230837975
CityLens Healthcare overlap,42,SaoPaulo,280,No-Privilege,0.12189866621013667,1.0930807987818505,0.8781811687529864
CityLens Healthcare overlap,42,SaoPaulo,280,Paired KD,0.16075660890351107,1.0686215107645993,0.8511729910961368
CityLens Healthcare overlap,42,SaoPaulo,280,Satellite-teacher KD,0.16939679704587074,1.0631064371392012,0.8364650785375228
CityLens Healthcare overlap,42,SaoPaulo,280,Global-shuffled KD,0.16398475343618246,1.066564307575442,0.8423461231659409
CityLens Healthcare overlap,42,Shanghai,19,No-Privilege,-0.10697415813813205,1.3265569196157068,1.2031935011883514
CityLens Healthcare overlap,42,Shanghai,19,Paired KD,-0.01381466173796242,1.2695108936125712,1.165016811759849
CityLens Healthcare overlap,42,Shanghai,19,Satellite-teacher KD,-0.03606458763899778,1.283366099243168,1.1560756131096896
CityLens Healthcare overlap,42,Shanghai,19,Global-shuffled KD,-0.03252345609417118,1.281171034347983,1.139143276202052
CityLens Healthcare overlap,42,Sydney,208,No-Privilege,0.14189266494605646,1.0587086507069414,0.8089505999384687
CityLens Healthcare overlap,42,Sydney,208,Paired KD,0.12598729119244467,1.0684754017941926,0.7903849840334897
CityLens Healthcare overlap,42,Sydney,208,Satellite-teacher KD,0.17835777088121374,1.035969645778579,0.7765719829294775
CityLens Healthcare overlap,42,Sydney,208,Global-shuffled KD,0.16294848140325546,1.0456389417096685,0.7840811034675093
CityLens Healthcare overlap,42,Tokyo,281,No-Privilege,-0.012990960196195722,1.1563916378188055,0.9806218361299995
CityLens Healthcare overlap,42,Tokyo,281,Paired KD,0.06750276996769766,1.109496490476208,0.9694754717300128
CityLens Healthcare overlap,42,Tokyo,281,Satellite-teacher KD,0.06534871574240031,1.110777211185649,0.9643709664677473
CityLens Healthcare overlap,42,Tokyo,281,Global-shuffled KD,0.09099220819980802,1.095433354703557,0.9612060037311829
CityLens Healthcare overlap,43,Beijing,29,No-Privilege,-0.004153349409838025,1.1481984653934043,0.9032021536735604
CityLens Healthcare overlap,43,Beijing,29,Paired KD,-0.022774393341462362,1.1587956723697366,0.9462354226597806
CityLens Healthcare overlap,43,Beijing,29,Satellite-teacher KD,-0.05993804111569401,1.179660889629806,0.9360732500134226
CityLens Healthcare overlap,43,Beijing,29,Global-shuffled KD,-0.007886415983867856,1.1503307716719122,0.9062016213864278
CityLens Healthcare overlap,43,CapeTown,252,No-Privilege,-0.013442024095931426,1.0304228184092874,0.7402548413818028
CityLens Healthcare overlap,43,CapeTown,252,Paired KD,0.086035673255773,0.9785446241397233,0.6946604873913708
CityLens Healthcare overlap,43,CapeTown,252,Satellite-teacher KD,0.05972424830151091,0.9925299739485803,0.7020034146229618
CityLens Healthcare overlap,43,CapeTown,252,Global-shuffled KD,0.045984987891297124,0.9997550746603816,0.710518881747586
CityLens Healthcare overlap,43,London,198,No-Privilege,0.06931646807244551,1.0031871813056876,0.7677476160731271
CityLens Healthcare overlap,43,London,198,Paired KD,0.0996125890150682,0.9867239429916828,0.7408953854669758
CityLens Healthcare overlap,43,London,198,Satellite-teacher KD,0.06543864301521796,1.0052749697022167,0.7615184407338265
CityLens Healthcare overlap,43,London,198,Global-shuffled KD,0.11116403190454216,0.9803739656215399,0.7380768556507077
CityLens Healthcare overlap,43,Moscow,206,No-Privilege,0.04975269350026024,1.1120776685251212,0.9334205713200321
CityLens Healthcare overlap,43,Moscow,206,Paired KD,0.10686888446368614,1.078138130863336,0.9205974475542291
CityLens Healthcare overlap,43,Moscow,206,Satellite-teacher KD,0.028293543676388477,1.1245644240964678,0.9541567172232494
CityLens Healthcare overlap,43,Moscow,206,Global-shuffled KD,0.06566848148589732,1.1027251912401115,0.9467313289627463
CityLens Healthcare overlap,43,Mumbai,108,No-Privilege,-0.11760561216140553,1.3487824319884885,1.1276661726512178
CityLens Healthcare overlap,43,Mumbai,108,Paired KD,-0.06591099465862249,1.3172192974381534,1.101641118225969
CityLens Healthcare overlap,43,Mumbai,108,Satellite-teacher KD,-0.09016296498681986,1.3321199293191541,1.1585365127188356
CityLens Healthcare overlap,43,Mumbai,108,Global-shuffled KD,-0.10557029935077633,1.3415003649078776,1.1510152316690518
CityLens Healthcare overlap,43,Nairobi,119,No-Privilege,0.18902459483684697,1.121590704287602,0.8795610131676883
CityLens Healthcare overlap,43,Nairobi,119,Paired KD,0.13412278896594187,1.158934027408696,0.9382910984894027
CityLens Healthcare overlap,43,Nairobi,119,Satellite-teacher KD,0.14523554441803044,1.151473073350384,0.9262784440726364
CityLens Healthcare overlap,43,Nairobi,119,Global-shuffled KD,0.13070353831580517,1.1612200221965874,0.9305478933403527
CityLens Healthcare overlap,43,NewYork,213,No-Privilege,0.09912692289033154,1.1176703961477865,0.9260907713663511
CityLens Healthcare overlap,43,NewYork,213,Paired KD,0.18352949488355164,1.0640258868509935,0.9195842954971203
CityLens Healthcare overlap,43,NewYork,213,Satellite-teacher KD,0.19538961994472737,1.0562695479262398,0.9092055800179417
CityLens Healthcare overlap,43,NewYork,213,Global-shuffled KD,0.07371403808837407,1.1333250417630865,0.9754320904197966
CityLens Healthcare overlap,43,Paris,124,No-Privilege,0.054560522245854615,1.0567583824288864,0.9297832907960157
CityLens Healthcare overlap,43,Paris,124,Paired KD,0.1277299689246657,1.0150426967951487,0.9023839242755939
CityLens Healthcare overlap,43,Paris,124,Satellite-teacher KD,0.1682104905156706,0.9912097251754322,0.8593633105610927
CityLens Healthcare overlap,43,Paris,124,Global-shuffled KD,0.13207232341998532,1.0125129901938212,0.8954593964062385
CityLens Healthcare overlap,43,SanFrancisco,167,No-Privilege,0.16776427771076718,1.1560637062615708,0.9666974750837345
CityLens Healthcare overlap,43,SanFrancisco,167,Paired KD,0.20838866926968413,1.1274949136896453,0.9205210233681608
CityLens Healthcare overlap,43,SanFrancisco,167,Satellite-teacher KD,0.21936710726698938,1.1196493023655893,0.9198328997047122
CityLens Healthcare overlap,43,SanFrancisco,167,Global-shuffled KD,0.15332901470292126,1.166046659225572,0.9542501381164449
CityLens Healthcare overlap,43,SaoPaulo,280,No-Privilege,0.11471149667752023,1.0975450597419047,0.8798370959671807
CityLens Healthcare overlap,43,SaoPaulo,280,Paired KD,0.1729848001482005,1.0608077718721138,0.850984665528625
CityLens Healthcare overlap,43,SaoPaulo,280,Satellite-teacher KD,0.16281829585692753,1.067308114800772,0.8456538209765864
CityLens Healthcare overlap,43,SaoPaulo,280,Global-shuffled KD,0.15108925565901288,1.0747586823979924,0.8665531829707616
CityLens Healthcare overlap,43,Shanghai,19,No-Privilege,-0.14140878637107557,1.3470315062376903,1.217104867651059
CityLens Healthcare overlap,43,Shanghai,19,Paired KD,-0.21536689957321542,1.3899873573621189,1.2658189760885747
CityLens Healthcare overlap,43,Shanghai,19,Satellite-teacher KD,-0.15521684154418902,1.3551547881041628,1.198146240322214
CityLens Healthcare overlap,43,Shanghai,19,Global-shuffled KD,-0.14179369107425122,1.3472586093866303,1.20017408445007
CityLens Healthcare overlap,43,Sydney,208,No-Privilege,0.1704755867238681,1.0409269208525829,0.7959382635001168
CityLens Healthcare overlap,43,Sydney,208,Paired KD,0.14079869879262363,1.0593832880659522,0.7780085196083337
CityLens Healthcare overlap,43,Sydney,208,Satellite-teacher KD,0.1596276556677002,1.0477110647848513,0.7957748120264613
CityLens Healthcare overlap,43,Sydney,208,Global-shuffled KD,0.16567088424827847,1.043937153510508,0.7725914313790188
CityLens Healthcare overlap,43,Tokyo,281,No-Privilege,-0.022186842724151612,1.161628612862012,0.9840296542945369
CityLens Healthcare overlap,43,Tokyo,281,Paired KD,0.07483381056773553,1.105126604396436,0.9579197968091058
CityLens Healthcare overlap,43,Tokyo,281,Satellite-teacher KD,0.0778467981831259,1.1033256046311166,0.9658988226841764
CityLens Healthcare overlap,43,Tokyo,281,Global-shuffled KD,0.0860306959708449,1.098418813089479,0.963105616307456
CityLens Healthcare overlap,44,Beijing,29,No-Privilege,-0.1491254111805631,1.2282892636426228,0.9770895737852495
CityLens Healthcare overlap,44,Beijing,29,Paired KD,-0.01995516794571639,1.1571974897292443,0.9052610050041316
CityLens Healthcare overlap,44,Beijing,29,Satellite-teacher KD,-0.11793143833336428,1.2115030901734536,0.9641708240438269
CityLens Healthcare overlap,44,Beijing,29,Global-shuffled KD,-0.14455445651003274,1.2258439043834313,0.9765920020257558
CityLens Healthcare overlap,44,CapeTown,252,No-Privilege,-0.09443401536124929,1.0708060202579268,0.7820222845564919
CityLens Healthcare overlap,44,CapeTown,252,Paired KD,0.05857345388448809,0.9931371621500853,0.6985492409409971
CityLens Healthcare overlap,44,CapeTown,252,Satellite-teacher KD,0.061884142328472724,0.9913893553192445,0.7126897182167624
CityLens Healthcare overlap,44,CapeTown,252,Global-shuffled KD,0.02575605443300366,1.0102988779999607,0.7038173622220556
CityLens Healthcare overlap,44,London,198,No-Privilege,0.05079775113046625,1.0131187166384445,0.7952443303001931
CityLens Healthcare overlap,44,London,198,Paired KD,0.09467829297533792,0.9894239672960746,0.746465179528039
CityLens Healthcare overlap,44,London,198,Satellite-teacher KD,0.09432895577888079,0.9896148437851988,0.7577966090685909
CityLens Healthcare overlap,44,London,198,Global-shuffled KD,0.07639573738780359,0.9993645129848381,0.7587551315731884
CityLens Healthcare overlap,44,Moscow,206,No-Privilege,0.02552131114599765,1.1261674461132387,0.9191710922972766
CityLens Healthcare overlap,44,Moscow,206,Paired KD,0.1035229006692221,1.0801557855430362,0.9230540446320787
CityLens Healthcare overlap,44,Moscow,206,Satellite-teacher KD,0.06251253068301443,1.1045859936205948,0.9164266716160815
CityLens Healthcare overlap,44,Moscow,206,Global-shuffled KD,0.12125942544172319,1.069417129283803,0.9115413049392243
CityLens Healthcare overlap,44,Mumbai,108,No-Privilege,-0.1420840164324524,1.363473307997602,1.1228624620621048
CityLens Healthcare overlap,44,Mumbai,108,Paired KD,-0.02624859697364812,1.2924802092615102,1.08706776571986
CityLens Healthcare overlap,44,Mumbai,108,Satellite-teacher KD,-0.10530352277925403,1.341338501632325,1.1439847262447531
CityLens Healthcare overlap,44,Mumbai,108,Global-shuffled KD,-0.05526764106943616,1.3106264374805945,1.1106182640234978
CityLens Healthcare overlap,44,Nairobi,119,No-Privilege,0.12200977657680212,1.1670122089449757,0.9404380620698181
CityLens Healthcare overlap,44,Nairobi,119,Paired KD,0.12827425581921115,1.1628414272910226,0.9477493301564743
CityLens Healthcare overlap,44,Nairobi,119,Satellite-teacher KD,0.10971637987182081,1.175153913160468,0.9480028275951412
CityLens Healthcare overlap,44,Nairobi,119,Global-shuffled KD,0.11566270302140758,1.1712228331780392,0.953036613288734
CityLens Healthcare overlap,44,NewYork,213,No-Privilege,0.14743442914518878,1.0872911149766598,0.9017274183353153
CityLens Healthcare overlap,44,NewYork,213,Paired KD,0.19299775155410004,1.0578383711661412,0.9211403432604214
CityLens Healthcare overlap,44,NewYork,213,Satellite-teacher KD,0.2090326694108544,1.0472761587255552,0.8970967529570638
CityLens Healthcare overlap,44,NewYork,213,Global-shuffled KD,0.17101583799953868,1.0721487917309456,0.9235993840040712
CityLens Healthcare overlap,44,Paris,124,No-Privilege,0.0579413815746288,1.0548672242677417,0.933676906526877
CityLens Healthcare overlap,44,Paris,124,Paired KD,0.1311613217428429,1.013044232104528,0.9042637297123665
CityLens Healthcare overlap,44,Paris,124,Satellite-teacher KD,0.08572060258564285,1.0391979988353726,0.8869946631132128
CityLens Healthcare overlap,44,Paris,124,Global-shuffled KD,0.10021196864221615,1.0309294381971885,0.8926639611583558
CityLens Healthcare overlap,44,SanFrancisco,167,No-Privilege,0.13411290285055477,1.1792047625076818,0.9785967169289586
CityLens Healthcare overlap,44,SanFrancisco,167,Paired KD,0.17466316096043366,1.1512620943670104,0.9250212293629031
CityLens Healthcare overlap,44,SanFrancisco,167,Satellite-teacher KD,0.22221438025413554,1.1176055379540792,0.9059245456325251
CityLens Healthcare overlap,44,SanFrancisco,167,Global-shuffled KD,0.14837162704872564,1.169455367331104,0.9461176937490559
CityLens Healthcare overlap,44,SaoPaulo,280,No-Privilege,0.12260311829423232,1.0926422517054233,0.8637660156343026
CityLens Healthcare overlap,44,SaoPaulo,280,Paired KD,0.2056941880739036,1.0396180644640314,0.8223050194450351
CityLens Healthcare overlap,44,SaoPaulo,280,Satellite-teacher KD,0.18966889239897555,1.0500529580607711,0.8122536007311303
CityLens Healthcare overlap,44,SaoPaulo,280,Global-shuffled KD,0.17532045778522598,1.0593087452408634,0.8335251813481701
CityLens Healthcare overlap,44,Shanghai,19,No-Privilege,-0.12008404573793774,1.3343890014376782,1.1848435608615981
CityLens Healthcare overlap,44,Shanghai,19,Paired KD,-0.08964637642572248,1.3161334818664097,1.2000533630847938
CityLens Healthcare overlap,44,Shanghai,19,Satellite-teacher KD,-0.13757342023560404,1.3447664516858173,1.224982874004465
CityLens Healthcare overlap,44,Shanghai,19,Global-shuffled KD,-0.11927444711251645,1.333906664960241,1.197386657551716
CityLens Healthcare overlap,44,Sydney,208,No-Privilege,0.16280819426823023,1.0457265608958712,0.7977828108648984
CityLens Healthcare overlap,44,Sydney,208,Paired KD,0.11396903820490478,1.0757964422693307,0.7854514569516097
CityLens Healthcare overlap,44,Sydney,208,Satellite-teacher KD,0.08917984190205597,1.0907418369692194,0.8289552851219523
CityLens Healthcare overlap,44,Sydney,208,Global-shuffled KD,0.11088358475254612,1.0776679542522578,0.7985895173494241
CityLens Healthcare overlap,44,Tokyo,281,No-Privilege,-0.06122114584336735,1.1836004052316538,0.9704349035263593
CityLens Healthcare overlap,44,Tokyo,281,Paired KD,0.07691191889856996,1.103884738923842,0.9718330781061612
CityLens Healthcare overlap,44,Tokyo,281,Satellite-teacher KD,0.06191989245157836,1.1128128217695497,0.9769674347624174
CityLens Healthcare overlap,44,Tokyo,281,Global-shuffled KD,0.07600996102601698,1.104423915224163,0.9739696437829352
CityLens Healthcare overlap,45,Beijing,29,No-Privilege,-0.08084208001401239,1.1912366970537975,0.9395735885467206
CityLens Healthcare overlap,45,Beijing,29,Paired KD,0.04954452891063921,1.1170762770430431,0.8911239983854957
CityLens Healthcare overlap,45,Beijing,29,Satellite-teacher KD,0.035237192505146675,1.1254526233260034,0.8917394060661388
CityLens Healthcare overlap,45,Beijing,29,Global-shuffled KD,0.049208817149819284,1.1172735416946937,0.9236395324246971
CityLens Healthcare overlap,45,CapeTown,252,No-Privilege,-0.0694015278964153,1.0584891557785407,0.7728700129755182
CityLens Healthcare overlap,45,CapeTown,252,Paired KD,0.07293664748562223,0.9855319757974447,0.692274759465616
CityLens Healthcare overlap,45,CapeTown,252,Satellite-teacher KD,0.04958615266940847,0.997866379680691,0.712014702388984
CityLens Healthcare overlap,45,CapeTown,252,Global-shuffled KD,0.10836856232903114,0.966515224152453,0.6900648707114564
CityLens Healthcare overlap,45,London,198,No-Privilege,0.05824754341014082,1.0091351654266218,0.7863095885529192
CityLens Healthcare overlap,45,London,198,Paired KD,0.11743074723779934,0.9769118015266135,0.7254112984425591
CityLens Healthcare overlap,45,London,198,Satellite-teacher KD,0.10662663690752183,0.9828731226496772,0.7486694324502213
CityLens Healthcare overlap,45,London,198,Global-shuffled KD,0.1099803710304762,0.9810265293498961,0.7334667085498121
CityLens Healthcare overlap,45,Moscow,206,No-Privilege,0.019649790078137164,1.1295550961296068,0.9393143571927025
CityLens Healthcare overlap,45,Moscow,206,Paired KD,0.04744362168400951,1.1134280060199677,0.9416130294829996
CityLens Healthcare overlap,45,Moscow,206,Satellite-teacher KD,0.030749738675598492,1.1231422367750936,0.9356763933026242
CityLens Healthcare overlap,45,Moscow,206,Global-shuffled KD,0.06679698555353097,1.1020590433964543,0.9451819031360703
CityLens Healthcare overlap,45,Mumbai,108,No-Privilege,-0.19476705503896596,1.3945665144559471,1.1572320302426031
CityLens Healthcare overlap,45,Mumbai,108,Paired KD,-0.0714547065128408,1.3206402276293066,1.1386302904504484
CityLens Healthcare overlap,45,Mumbai,108,Satellite-teacher KD,-0.14493651871360824,1.3651749714389758,1.1795083864496552
CityLens Healthcare overlap,45,Mumbai,108,Global-shuffled KD,-0.09759985721565445,1.3366559456779676,1.1489867830828653
CityLens Healthcare overlap,45,Nairobi,119,No-Privilege,0.15162946220537,1.1471582915468066,0.9011173936622984
CityLens Healthcare overlap,45,Nairobi,119,Paired KD,0.1469548273317991,1.1503144474435911,0.9288610271410083
CityLens Healthcare overlap,45,Nairobi,119,Satellite-teacher KD,0.10816564035528875,1.1761769381226612,0.9453546348762623
CityLens Healthcare overlap,45,Nairobi,119,Global-shuffled KD,0.18571851136473128,1.1238745596289572,0.8968241712893597
CityLens Healthcare overlap,45,NewYork,213,No-Privilege,0.05722880342292547,1.1433655341572608,0.9436350521076765
CityLens Healthcare overlap,45,NewYork,213,Paired KD,0.17769943350867734,1.0678180028640627,0.9299396866134035
CityLens Healthcare overlap,45,NewYork,213,Satellite-teacher KD,0.20031795308596545,1.0530296916202644,0.913517195351606
CityLens Healthcare overlap,45,NewYork,213,Global-shuffled KD,0.14317826149385893,1.0900017170827911,0.9456443915183727
CityLens Healthcare overlap,45,Paris,124,No-Privilege,0.1307534420694464,1.0132819929671855,0.9085728444513312
CityLens Healthcare overlap,45,Paris,124,Paired KD,0.15409587329277863,0.9995842554344346,0.8756702318838783
CityLens Healthcare overlap,45,Paris,124,Satellite-teacher KD,0.1410790749942833,1.0072457106643986,0.8622014452273802
CityLens Healthcare overlap,45,Paris,124,Global-shuffled KD,0.1261301832549886,1.0159730892363024,0.9001752054432025
CityLens Healthcare overlap,45,SanFrancisco,167,No-Privilege,0.10754770478282405,1.1971569630208305,0.9949689036701543
CityLens Healthcare overlap,45,SanFrancisco,167,Paired KD,0.2124115254185045,1.1246263803149745,0.9172551120332926
CityLens Healthcare overlap,45,SanFrancisco,167,Satellite-teacher KD,0.2211489948719786,1.1183707058313734,0.9225732066255623
CityLens Healthcare overlap,45,SanFrancisco,167,Global-shuffled KD,0.21580693561272002,1.1221995466970938,0.9207645979885838
CityLens Healthcare overlap,45,SaoPaulo,280,No-Privilege,0.1579428151795631,1.070411435118144,0.8536167253491089
CityLens Healthcare overlap,45,SaoPaulo,280,Paired KD,0.21792398033218752,1.0315836064365789,0.8192983823992853
CityLens Healthcare overlap,45,SaoPaulo,280,Satellite-teacher KD,0.16855975303402893,1.0636419773316048,0.8254273138954663
CityLens Healthcare overlap,45,SaoPaulo,280,Global-shuffled KD,0.2064204671771369,1.0391426647249424,0.8222190387102616
CityLens Healthcare overlap,45,Shanghai,19,No-Privilege,-0.1288098288342976,1.339576558655134,1.172552407402742
CityLens Healthcare overlap,45,Shanghai,19,Paired KD,0.009779761049564462,1.2546513184692363,1.156198442597139
CityLens Healthcare overlap,45,Shanghai,19,Satellite-teacher KD,-0.05077498704012773,1.2924448225476022,1.1438883739675907
CityLens Healthcare overlap,45,Shanghai,19,Global-shuffled KD,0.01960547307864391,1.248411001276153,1.1308711177298905
CityLens Healthcare overlap,45,Sydney,208,No-Privilege,0.1472404727745832,1.055404507420581,0.8017369960133552
CityLens Healthcare overlap,45,Sydney,208,Paired KD,0.15015513564235783,1.0535993201210314,0.7737504483363173
CityLens Healthcare overlap,45,Sydney,208,Satellite-teacher KD,0.19863420589103997,1.023106997424665,0.7655998201815382
CityLens Healthcare overlap,45,Sydney,208,Global-shuffled KD,0.1590684254051391,1.0480596092697425,0.7853995676927971
CityLens Healthcare overlap,45,Tokyo,281,No-Privilege,-0.026745765650783015,1.1642161455297737,0.9775635159009707
CityLens Healthcare overlap,45,Tokyo,281,Paired KD,0.06949741522711428,1.1083092287017662,0.9633352000022206
CityLens Healthcare overlap,45,Tokyo,281,Satellite-teacher KD,0.0634524038323595,1.1119034669162378,0.9746432840012766
CityLens Healthcare overlap,45,Tokyo,281,Global-shuffled KD,0.06672567471340762,1.109958692871772,0.9772482542744857
