task,seed,comparison,design,N,clusters,replicates,R2_difference,R2_CI_low,R2_CI_high,excludes_zero
CityLens Population,41,PM-minus-Satellite,city,2173,13,2000,0.025148794789415452,0.015640614827783214,0.039786671938400194,True
CityLens Population,41,Global-minus-PM,city,2173,13,2000,0.050653607702662584,-0.0005628031932928062,0.14070445867046197,False
CityLens Population,41,Intermediate-minus-Global,city,2173,13,2000,0.0029598315523826635,-0.01991160674311044,0.02395983536848981,False
CityLens Population,41,Exact-minus-Satellite,city,2173,13,2000,0.15136839693044468,0.08503999430727312,0.265267984223355,True
CityLens Population,41,Exact-minus-Global,city,2173,13,2000,0.07556599443836665,0.041658455779055435,0.11270177314874297,True
CityLens Population,41,Exact-minus-Intermediate,city,2173,13,2000,0.07260616288598398,0.03955508360886654,0.10782596716433265,True
CityLens Population,41,PM-minus-Satellite,city-block,2173,130,2000,0.025148794789415452,0.001832428059163473,0.051776594350085005,True
CityLens Population,41,Global-minus-PM,city-block,2173,130,2000,0.050653607702662584,-0.01642070249915203,0.15507966552093336,False
CityLens Population,41,Intermediate-minus-Global,city-block,2173,130,2000,0.0029598315523826635,-0.03081165961125957,0.035627984784969896,False
CityLens Population,41,Exact-minus-Satellite,city-block,2173,130,2000,0.15136839693044468,0.0677996108566983,0.2769408696996153,True
CityLens Population,41,Exact-minus-Global,city-block,2173,130,2000,0.07556599443836665,0.02024735704365208,0.14438483499501015,True
CityLens Population,41,Exact-minus-Intermediate,city-block,2173,130,2000,0.07260616288598398,0.020274406878896645,0.13830829757914628,True
CityLens Population,42,PM-minus-Satellite,city,2173,13,2000,-0.008729579899425244,-0.026615234504260087,0.01120006206720547,False
CityLens Population,42,Global-minus-PM,city,2173,13,2000,0.05559155929197246,-0.0050021297383315575,0.15116840984604654,False
CityLens Population,42,Intermediate-minus-Global,city,2173,13,2000,0.02501011449705426,-0.03730530257323068,0.08891595975410892,False
CityLens Population,42,Exact-minus-Satellite,city,2173,13,2000,0.1222999176132028,0.05249983363486201,0.21757075816867216,True
CityLens Population,42,Exact-minus-Global,city,2173,13,2000,0.07543793822065559,0.027650853053295114,0.12067287146902635,True
CityLens Population,42,Exact-minus-Intermediate,city,2173,13,2000,0.05042782372360133,0.006482802200215851,0.09141569013918238,True
CityLens Population,42,PM-minus-Satellite,city-block,2173,130,2000,-0.008729579899425244,-0.04208036880630365,0.024908209583450875,False
CityLens Population,42,Global-minus-PM,city-block,2173,130,2000,0.05559155929197246,-0.008867514554219155,0.15192131728650468,False
CityLens Population,42,Intermediate-minus-Global,city-block,2173,130,2000,0.02501011449705426,-0.05965107599790843,0.09798639788119008,False
CityLens Population,42,Exact-minus-Satellite,city-block,2173,130,2000,0.1222999176132028,0.05063596922787127,0.22550203373979838,True
CityLens Population,42,Exact-minus-Global,city-block,2173,130,2000,0.07543793822065559,0.020838632525703542,0.13514118203787165,True
CityLens Population,42,Exact-minus-Intermediate,city-block,2173,130,2000,0.05042782372360133,-0.009977657864731048,0.11368820477373348,False
CityLens Population,43,PM-minus-Satellite,city,2173,13,2000,0.018881653462459513,0.0073448492531184946,0.03404334689929554,True
CityLens Population,43,Global-minus-PM,city,2173,13,2000,0.07676243167165375,0.02075325941364815,0.17099826588848566,True
CityLens Population,43,Intermediate-minus-Global,city,2173,13,2000,0.00041220394174346087,-0.01980317927589408,0.017385751611451738,False
CityLens Population,43,Exact-minus-Satellite,city,2173,13,2000,0.11468981769905051,0.05199493237723519,0.23007272311663862,True
CityLens Population,43,Exact-minus-Global,city,2173,13,2000,0.019045732564937246,-0.015443697678645632,0.05405501198942181,False
CityLens Population,43,Exact-minus-Intermediate,city,2173,13,2000,0.018633528623193785,-0.02358324002376404,0.06691037313906871,False
CityLens Population,43,PM-minus-Satellite,city-block,2173,130,2000,0.018881653462459513,-0.006310122030808914,0.0522368711724151,False
CityLens Population,43,Global-minus-PM,city-block,2173,130,2000,0.07676243167165375,0.01496859538363658,0.18271276375766315,True
CityLens Population,43,Intermediate-minus-Global,city-block,2173,130,2000,0.00041220394174346087,-0.026925783000483986,0.029901266676653885,False
CityLens Population,43,Exact-minus-Satellite,city-block,2173,130,2000,0.11468981769905051,0.04064393528051191,0.24683217983755043,True
CityLens Population,43,Exact-minus-Global,city-block,2173,130,2000,0.019045732564937246,-0.025780611758338536,0.06186110759473555,False
CityLens Population,43,Exact-minus-Intermediate,city-block,2173,130,2000,0.018633528623193785,-0.04046241095144546,0.0764948499414985,False
CityLens Population,44,PM-minus-Satellite,city,2173,13,2000,0.020240229846890667,-0.0018080954655999113,0.0432243478205068,False
CityLens Population,44,Global-minus-PM,city,2173,13,2000,0.04608198293488075,-0.005724888446942114,0.12681624858223747,False
CityLens Population,44,Intermediate-minus-Global,city,2173,13,2000,0.039130535365783925,0.003648502406571932,0.06800479999789587,True
CityLens Population,44,Exact-minus-Satellite,city,2173,13,2000,0.1269047616616812,0.05433380477844863,0.22792211981931057,True
CityLens Population,44,Exact-minus-Global,city,2173,13,2000,0.06058254887990977,0.03382999154712908,0.08392113786838605,True
CityLens Population,44,Exact-minus-Intermediate,city,2173,13,2000,0.021452013514125845,0.005690408739578492,0.046434535287182915,True
CityLens Population,44,PM-minus-Satellite,city-block,2173,130,2000,0.020240229846890667,-0.012851150463436892,0.05364277574426666,False
CityLens Population,44,Global-minus-PM,city-block,2173,130,2000,0.04608198293488075,-0.020311619585206057,0.14303658505913747,False
CityLens Population,44,Intermediate-minus-Global,city-block,2173,130,2000,0.039130535365783925,-0.009913868477103599,0.0828108962620805,False
CityLens Population,44,Exact-minus-Satellite,city-block,2173,130,2000,0.1269047616616812,0.043304500946844064,0.23818411705783052,True
CityLens Population,44,Exact-minus-Global,city-block,2173,130,2000,0.06058254887990977,0.01901464709217067,0.10466346405314607,True
CityLens Population,44,Exact-minus-Intermediate,city-block,2173,130,2000,0.021452013514125845,-0.0029120200929964343,0.05891632427004252,False
CityLens Population,45,PM-minus-Satellite,city,2173,13,2000,-0.0068334549772365305,-0.033874677301917774,0.017588410449131557,False
CityLens Population,45,Global-minus-PM,city,2173,13,2000,0.07774145089240148,0.02145905548885283,0.18894273929082275,True
CityLens Population,45,Intermediate-minus-Global,city,2173,13,2000,0.02120751580319502,-0.008582606088796053,0.04444031737036164,False
CityLens Population,45,Exact-minus-Satellite,city,2173,13,2000,0.08967275057632718,0.021927338812197876,0.19100373438441692,True
CityLens Population,45,Exact-minus-Global,city,2173,13,2000,0.01876475466116223,-0.01732168828919064,0.048879228434218554,False
CityLens Population,45,Exact-minus-Intermediate,city,2173,13,2000,-0.00244276114203279,-0.034693897678537,0.03612816111252155,False
CityLens Population,45,PM-minus-Satellite,city-block,2173,130,2000,-0.0068334549772365305,-0.042917639862553085,0.022810563414841317,False
CityLens Population,45,Global-minus-PM,city-block,2173,130,2000,0.07774145089240148,0.006734724851019273,0.2055872959449651,True
CityLens Population,45,Intermediate-minus-Global,city-block,2173,130,2000,0.02120751580319502,-0.017047156748410404,0.05764107619912006,False
CityLens Population,45,Exact-minus-Satellite,city-block,2173,130,2000,0.08967275057632718,0.012650136877035903,0.2007641744640074,True
CityLens Population,45,Exact-minus-Global,city-block,2173,130,2000,0.01876475466116223,-0.028485067151528157,0.06006608505827985,False
CityLens Population,45,Exact-minus-Intermediate,city-block,2173,130,2000,-0.00244276114203279,-0.04667909171486277,0.04500416346045474,False
CityLens Healthcare overlap,41,PM-minus-Satellite,city,2204,13,2000,0.0013851945740419591,-0.008481400199350567,0.011766166020462838,False
CityLens Healthcare overlap,41,Global-minus-PM,city,2204,13,2000,-0.0037955691545972225,-0.027364463624834266,0.01941463901118795,False
CityLens Healthcare overlap,41,Intermediate-minus-Global,city,2204,13,2000,0.0017963214102719727,-0.014951828199027834,0.01952520223794212,False
CityLens Healthcare overlap,41,Exact-minus-Intermediate,city,2204,13,2000,0.00631566340163614,-0.015123696404903677,0.02124109174067168,False
CityLens Healthcare overlap,41,Exact-minus-Satellite,city,2204,13,2000,0.005701610231352849,-0.02457595288261485,0.03452143727645195,False
CityLens Healthcare overlap,41,Exact-minus-Global,city,2204,13,2000,0.008111984811908113,-0.009089327690121562,0.025536024499685655,False
CityLens Healthcare overlap,41,PM-minus-Satellite,city-block,2204,130,2000,0.0013851945740419591,-0.015361625766084058,0.018239100693933013,False
CityLens Healthcare overlap,41,Global-minus-PM,city-block,2204,130,2000,-0.0037955691545972225,-0.03313547102886557,0.027421408492238647,False
CityLens Healthcare overlap,41,Intermediate-minus-Global,city-block,2204,130,2000,0.0017963214102719727,-0.025794435503212122,0.03158946836777773,False
CityLens Healthcare overlap,41,Exact-minus-Intermediate,city-block,2204,130,2000,0.00631566340163614,-0.01873604319745478,0.028060874620316624,False
CityLens Healthcare overlap,41,Exact-minus-Satellite,city-block,2204,130,2000,0.005701610231352849,-0.034665060990834336,0.045175888162666225,False
CityLens Healthcare overlap,41,Exact-minus-Global,city-block,2204,130,2000,0.008111984811908113,-0.020714068149793364,0.0368756234906206,False
CityLens Healthcare overlap,42,PM-minus-Satellite,city,2204,13,2000,0.004697988285075283,-0.00966564990430939,0.019496065022137143,False
CityLens Healthcare overlap,42,Global-minus-PM,city,2204,13,2000,0.003084544716296267,-0.02154904473838707,0.025219757649172867,False
CityLens Healthcare overlap,42,Intermediate-minus-Global,city,2204,13,2000,0.019957522125884197,0.0037389431489825912,0.03673356487396505,True
CityLens Healthcare overlap,42,Exact-minus-Intermediate,city,2204,13,2000,0.0035486635573044323,-0.013523443365464039,0.01860102879650613,False
CityLens Healthcare overlap,42,Exact-minus-Satellite,city,2204,13,2000,0.03128871868456018,0.0053801701165233935,0.05747277539214512,True
CityLens Healthcare overlap,42,Exact-minus-Global,city,2204,13,2000,0.02350618568318863,-0.0013278275488910179,0.0464033389304164,False
CityLens Healthcare overlap,42,PM-minus-Satellite,city-block,2204,130,2000,0.004697988285075283,-0.015032437566893774,0.024073190133170868,False
CityLens Healthcare overlap,42,Global-minus-PM,city-block,2204,130,2000,0.003084544716296267,-0.03268599099965538,0.03465887106818944,False
CityLens Healthcare overlap,42,Intermediate-minus-Global,city-block,2204,130,2000,0.019957522125884197,-0.006460001922430467,0.04727306056786521,False
CityLens Healthcare overlap,42,Exact-minus-Intermediate,city-block,2204,130,2000,0.0035486635573044323,-0.01977486894356357,0.024654799058813983,False
CityLens Healthcare overlap,42,Exact-minus-Satellite,city-block,2204,130,2000,0.03128871868456018,-0.0010652570100283438,0.06410891927076214,False
CityLens Healthcare overlap,42,Exact-minus-Global,city-block,2204,130,2000,0.02350618568318863,-0.007888074152584865,0.05648224824920566,False
CityLens Healthcare overlap,43,PM-minus-Satellite,city,2204,13,2000,0.0037888296210728534,-0.01320080206554077,0.023319259905718547,False
CityLens Healthcare overlap,43,Global-minus-PM,city,2204,13,2000,0.020140433467405794,-0.015049175252659135,0.057913278741368375,False
CityLens Healthcare overlap,43,Intermediate-minus-Global,city,2204,13,2000,0.019527470249645407,0.003802519622618043,0.03743223033799759,True
CityLens Healthcare overlap,43,Exact-minus-Intermediate,city,2204,13,2000,-0.010616068883770757,-0.02516185365010272,0.0019942073578370157,False
CityLens Healthcare overlap,43,Exact-minus-Satellite,city,2204,13,2000,0.0328406644543533,0.0050044405973757615,0.06625355837269443,True
CityLens Healthcare overlap,43,Exact-minus-Global,city,2204,13,2000,0.00891140136587465,-0.009450637687771931,0.026185142712361813,False
CityLens Healthcare overlap,43,PM-minus-Satellite,city-block,2204,130,2000,0.0037888296210728534,-0.0196638657754437,0.026636876324311935,False
CityLens Healthcare overlap,43,Global-minus-PM,city-block,2204,130,2000,0.020140433467405794,-0.021966379084456027,0.06544448736919145,False
CityLens Healthcare overlap,43,Intermediate-minus-Global,city-block,2204,130,2000,0.019527470249645407,-0.0029354265536973736,0.04477722087738263,False
CityLens Healthcare overlap,43,Exact-minus-Intermediate,city-block,2204,130,2000,-0.010616068883770757,-0.0302656710404858,0.010761805458283036,False
CityLens Healthcare overlap,43,Exact-minus-Satellite,city-block,2204,130,2000,0.0328406644543533,-0.005216745088079418,0.07177909522105155,False
CityLens Healthcare overlap,43,Exact-minus-Global,city-block,2204,130,2000,0.00891140136587465,-0.016522680023869106,0.03597295524843202,False
CityLens Healthcare overlap,44,PM-minus-Satellite,city,2204,13,2000,0.0006207900147401357,-0.02103637540351964,0.020065727922932812,False
CityLens Healthcare overlap,44,Global-minus-PM,city,2204,13,2000,0.013899729256664162,-0.0018988201447517742,0.03498693579910671,False
CityLens Healthcare overlap,44,Intermediate-minus-Global,city,2204,13,2000,0.022937305101249583,0.005183450886863681,0.04272971412839311,True
CityLens Healthcare overlap,44,Exact-minus-Intermediate,city,2204,13,2000,-0.004438011199848324,-0.020194967483579063,0.010740706232884931,False
CityLens Healthcare overlap,44,Exact-minus-Satellite,city,2204,13,2000,0.03301981317280556,0.009018898533658871,0.06005242214155863,True
CityLens Healthcare overlap,44,Exact-minus-Global,city,2204,13,2000,0.01849929390140126,-0.0006588355660115155,0.03683084631496042,False
CityLens Healthcare overlap,44,PM-minus-Satellite,city-block,2204,130,2000,0.0006207900147401357,-0.02492319668530858,0.027490597143520496,False
CityLens Healthcare overlap,44,Global-minus-PM,city-block,2204,130,2000,0.013899729256664162,-0.014121611408062399,0.04394086935174068,False
CityLens Healthcare overlap,44,Intermediate-minus-Global,city-block,2204,130,2000,0.022937305101249583,-0.0014542699141782682,0.0473847993813874,False
CityLens Healthcare overlap,44,Exact-minus-Intermediate,city-block,2204,130,2000,-0.004438011199848324,-0.02640145259230038,0.01710800372919291,False
CityLens Healthcare overlap,44,Exact-minus-Satellite,city-block,2204,130,2000,0.03301981317280556,-0.0018355382995286827,0.0695941765510244,False
CityLens Healthcare overlap,44,Exact-minus-Global,city-block,2204,130,2000,0.01849929390140126,-0.007363746845423267,0.0426861909668113,False
CityLens Healthcare overlap,45,PM-minus-Satellite,city,2204,13,2000,0.005091311536236542,-0.010021609341931305,0.019275989493123882,False
CityLens Healthcare overlap,45,Global-minus-PM,city,2204,13,2000,0.007225383925858142,-0.010733983446065168,0.022438327031267195,False
CityLens Healthcare overlap,45,Intermediate-minus-Global,city,2204,13,2000,0.007788324753522757,0.0013950178494932933,0.015574683484656066,True
CityLens Healthcare overlap,45,Exact-minus-Intermediate,city,2204,13,2000,-0.012323714713169509,-0.02780029675654697,0.0010566419759786153,False
CityLens Healthcare overlap,45,Exact-minus-Satellite,city,2204,13,2000,0.007781305502447933,-0.015321434339637799,0.03182572323589687,False
CityLens Healthcare overlap,45,Exact-minus-Global,city,2204,13,2000,-0.004535389959646752,-0.022932770763710413,0.01224918936759597,False
CityLens Healthcare overlap,45,PM-minus-Satellite,city-block,2204,130,2000,0.005091311536236542,-0.015979534626973827,0.02682097173992914,False
CityLens Healthcare overlap,45,Global-minus-PM,city-block,2204,130,2000,0.007225383925858142,-0.020454026900942893,0.030690186710425952,False
CityLens Healthcare overlap,45,Intermediate-minus-Global,city-block,2204,130,2000,0.007788324753522757,-0.01136159836533224,0.026189361608121065,False
CityLens Healthcare overlap,45,Exact-minus-Intermediate,city-block,2204,130,2000,-0.012323714713169509,-0.038523990486603744,0.01140894160657977,False
CityLens Healthcare overlap,45,Exact-minus-Satellite,city-block,2204,130,2000,0.007781305502447933,-0.026707699700612094,0.04274251485545208,False
CityLens Healthcare overlap,45,Exact-minus-Global,city-block,2204,130,2000,-0.004535389959646752,-0.032851785334307146,0.0219689060047907,False
CityLens Healthcare overlap,41,Paired-minus-NoPrivilege,city,2204,13,2000,0.00510638058458357,-0.011498844998141564,0.024821500269693937,False
CityLens Healthcare overlap,41,Paired-minus-GlobalShuffled,city,2204,13,2000,0.002366477453611626,-0.013795823951136902,0.01708834500139578,False
CityLens Healthcare overlap,41,Paired-minus-SatelliteTeacher,city,2204,13,2000,-0.00021584956573472702,-0.013145649750015634,0.014058561821051418,False
CityLens Healthcare overlap,41,Paired-minus-NoPrivilege,city-block,2204,130,2000,0.00510638058458357,-0.02241307005648517,0.036463243264498874,False
CityLens Healthcare overlap,41,Paired-minus-GlobalShuffled,city-block,2204,130,2000,0.002366477453611626,-0.020632984513013184,0.020728092226632515,False
CityLens Healthcare overlap,41,Paired-minus-SatelliteTeacher,city-block,2204,130,2000,-0.00021584956573472702,-0.02309986574435997,0.02260327984799,False
CityLens Healthcare overlap,42,Paired-minus-NoPrivilege,city,2204,13,2000,0.00952370419362858,-0.01464289968320188,0.03420234960187897,False
CityLens Healthcare overlap,42,Paired-minus-GlobalShuffled,city,2204,13,2000,-0.0037649738443669145,-0.013927849547799988,0.009454922691942206,False
CityLens Healthcare overlap,42,Paired-minus-SatelliteTeacher,city,2204,13,2000,0.0065276996803428355,-0.012587325491867075,0.02605785566176945,False
CityLens Healthcare overlap,42,Paired-minus-NoPrivilege,city-block,2204,130,2000,0.00952370419362858,-0.020117687775406075,0.0415870520806198,False
CityLens Healthcare overlap,42,Paired-minus-GlobalShuffled,city-block,2204,130,2000,-0.0037649738443669145,-0.02066560550363041,0.015888247203424556,False
CityLens Healthcare overlap,42,Paired-minus-SatelliteTeacher,city-block,2204,130,2000,0.0065276996803428355,-0.018456813936845177,0.030639926336941622,False
CityLens Healthcare overlap,43,Paired-minus-NoPrivilege,city,2204,13,2000,0.021413331696687354,-0.002023756570490463,0.04962004331196202,False
CityLens Healthcare overlap,43,Paired-minus-GlobalShuffled,city,2204,13,2000,0.005872485244701076,-0.011196285328133855,0.029157639346266778,False
CityLens Healthcare overlap,43,Paired-minus-SatelliteTeacher,city,2204,13,2000,0.022680459850516255,0.0003983655226215375,0.04739355339831863,True
CityLens Healthcare overlap,43,Paired-minus-NoPrivilege,city-block,2204,130,2000,0.021413331696687354,-0.011778811914055087,0.05438729937534458,False
CityLens Healthcare overlap,43,Paired-minus-GlobalShuffled,city-block,2204,130,2000,0.005872485244701076,-0.014515539706181505,0.030223407097141927,False
CityLens Healthcare overlap,43,Paired-minus-SatelliteTeacher,city-block,2204,130,2000,0.022680459850516255,-0.006837278147409081,0.05704544992961013,False
CityLens Healthcare overlap,44,Paired-minus-NoPrivilege,city,2204,13,2000,0.01069821150591943,-0.00598662305833036,0.030668800567058726,False
CityLens Healthcare overlap,44,Paired-minus-GlobalShuffled,city,2204,13,2000,-0.0071591775931967305,-0.02197921664555339,0.012067390496524324,False
CityLens Healthcare overlap,44,Paired-minus-SatelliteTeacher,city,2204,13,2000,0.012331113966374985,-0.009567246932210177,0.03891713875225962,False
CityLens Healthcare overlap,44,Paired-minus-NoPrivilege,city-block,2204,130,2000,0.01069821150591943,-0.0178984766869282,0.041493363170778695,False
CityLens Healthcare overlap,44,Paired-minus-GlobalShuffled,city-block,2204,130,2000,-0.0071591775931967305,-0.02976620919415759,0.016906523705516274,False
CityLens Healthcare overlap,44,Paired-minus-SatelliteTeacher,city-block,2204,130,2000,0.012331113966374985,-0.015219120403746216,0.04471378437504486,False
CityLens Healthcare overlap,45,Paired-minus-NoPrivilege,city,2204,13,2000,0.02078190053274953,0.002264564695382,0.0458114167152447,True
CityLens Healthcare overlap,45,Paired-minus-GlobalShuffled,city,2204,13,2000,0.004313670142833459,-0.012682721321461313,0.028280616734185356,False
CityLens Healthcare overlap,45,Paired-minus-SatelliteTeacher,city,2204,13,2000,0.014185588215322231,-0.0018335564459937542,0.03338959226026114,False
CityLens Healthcare overlap,45,Paired-minus-NoPrivilege,city-block,2204,130,2000,0.02078190053274953,-0.006382133188212248,0.05466642317825835,False
CityLens Healthcare overlap,45,Paired-minus-GlobalShuffled,city-block,2204,130,2000,0.004313670142833459,-0.016338792040918544,0.029303057540879644,False
CityLens Healthcare overlap,45,Paired-minus-SatelliteTeacher,city-block,2204,130,2000,0.014185588215322231,-0.006411019130259137,0.038260054583112206,False
